module_class,n_modules,n_up_in_surgery,n_down_in_surgery,mean_delta,median_delta,mean_cohens_d,n_rescue_consistent
inflammatory,3,3,0,0.29001012147574784,0.2522158591028025,1.3698946739264888,3
mitochondrial,3,2,1,0.06804143129536547,0.052421419682603825,0.18202568000140623,2
negative_control,3,3,0,0.0870408153714926,0.1266369559192056,1.1586876504899633,1
