module,module_class,module_size,detected,mean_control,mean_surgery,delta_surgery_vs_ctrl,cohens_d,welch_t_pvalue,bh_qvalue,direction,mean_rescue,delta_rescue_vs_surg,rescue_consistency
HALLMARK_TNFA_SIGNALING_VIA_NFKB,inflammatory,199,199,-0.16218357963685173,0.09003227946595074,0.2522158591028025,1.6580890215894521,0.1265523941974341,0.3441618714272604,up_in_surgery,0.07215130017090121,-0.01788097929504953,consistent_rescue
MICROGLIA_ACTIVATION_CUSTOM,inflammatory,23,23,-0.2173550881378416,0.1679334099836435,0.38528849812148513,1.44585120064199,0.15296083174544906,0.3441618714272604,up_in_surgery,0.049421678154197166,-0.11851173182944634,consistent_rescue
HALLMARK_INFLAMMATORY_RESPONSE,inflammatory,201,201,-0.1399163619819023,0.09260964522105367,0.23252600720295596,1.0057437995480243,0.3301805098585831,0.5943249177454496,up_in_surgery,0.04730671676084787,-0.045302928460205796,consistent_rescue
HALLMARK_OXIDATIVE_PHOSPHORYLATION,mitochondrial,199,184,-0.11804252941777627,0.0412379907013386,0.15928052011911487,0.4252048813933925,0.6490001269594963,0.9735001904392444,up_in_surgery,0.07680453871643779,0.03556654801509919,not_consistent
KEGG_OXIDATIVE_PHOSPHORYLATION,mitochondrial,128,100,-0.0271402804701338,0.025281139212470025,0.052421419682603825,0.14076863069517326,0.8732527616400334,0.9819609384026444,up_in_surgery,0.0018591412576633808,-0.023421997954806643,consistent_rescue
REACTOME_RESPIRATORY_ELECTRON_TRANSPORT,mitochondrial,157,142,-0.01565279347687758,-0.023230439392499885,-0.007577645915622305,-0.019896472084347052,0.9819609384026444,0.9819609384026444,down_in_surgery,0.038883232869378344,0.06211367226187823,consistent_rescue
RANDOM_CONTROL_1,negative_control,178,178,-0.05478774986207325,0.07596894006627185,0.1307566899283451,1.7637980713807717,0.09730219287971963,0.3441618714272604,up_in_surgery,-0.021181190204199056,-0.0971501302704709,consistent_rescue
RANDOM_CONTROL_3,negative_control,178,178,-0.09438986933851817,0.03224708658068743,0.1266369559192056,1.691556337661957,0.15147492050484634,0.3441618714272604,up_in_surgery,0.06214278275782909,0.029895696177141662,not_consistent
RANDOM_CONTROL_2,negative_control,178,178,-0.02292429617738024,-0.01919549591045316,0.0037288002669270785,0.020708542427160893,0.9812311382351355,0.9819609384026444,up_in_surgery,0.04211979208783546,0.061315287998288615,not_consistent
